{
  "sheetsById": {
    "R3F UI": {
      "staticOverrides": {
        "byObject": {
          "Editor": {
            "viewport": {
              "showOverlayIcons": false,
              "showAxes": true,
              "shading": "wireframe"
            },
            "transformControls": {
              "space": "local"
            }
          },
          "Editor Camera snapshot #1": {
            "transform": {
              "position": {
                "x": 39.94502131161801,
                "y": 39.945021311618014,
                "z": 2.44592712455729e-15
              },
              "target": {
                "x": 0,
                "y": 0,
                "z": 0
              }
            }
          }
        }
      }
    },
    "Demo Sheet": {
      "staticOverrides": {
        "byObject": {
          "Camera1": {
            "position": {
              "z": 19.209999999999994
            }
          },
          "model": {
            "position": {
              "x": 0,
              "y": 14.620051234646741,
              "z": -16.762570972229135
            },
            "rotation": {
              "y": 0.07,
              "x": 0.20000000000000015,
              "z": 0.18999999999999995
            },
            "scale": {
              "x": 1
            }
          },
          "nimb": {
            "position": {
              "x": 16.319509466754475,
              "y": 58.230928663720306,
              "z": -47.239947954517106
            },
            "rotation": {
              "y": -0.05999999999999995,
              "x": -1.2400000000000009
            },
            "scale": {
              "x": 3.4999999999999734,
              "y": 3.4999999999999734,
              "z": 3.4999999999999734
            }
          },
          "sphere": {
            "position": {
              "x": 17.46451372714801,
              "y": 60.94422246270451,
              "z": -50.43021423766677
            },
            "scale": {
              "x": 0.3,
              "y": 0.3,
              "z": 0.3
            }
          },
          "addLight": {
            "position": {
              "x": -25.592167759027348,
              "y": 65.43024299812987,
              "z": 9.540093167944683
            },
            "color": {
              "r": 0.2823529411764706,
              "g": 0.3607843137254902,
              "b": 0.4117647058823529,
              "a": 1
            },
            "intensity": 51.98000000000002,
            "rotation": {
              "z": 0,
              "x": 0,
              "y": 0
            },
            "distance": 46.049999999999976,
            "decay": 3.3200000000000105
          }
        }
      },
      "sequence": {
        "subUnitsPerUnit": 30,
        "length": 28.01,
        "type": "PositionalSequence",
        "tracksByObject": {
          "Camera1": {
            "trackData": {
              "LWmQGXHF-x": {
                "type": "BasicKeyframedTrack",
                "__debugName": "Camera1:[\"position\",\"z\"]",
                "keyframes": [
                  {
                    "id": "sAyO1ElOao",
                    "position": 0,
                    "connectedRight": true,
                    "handles": [
                      0.5,
                      1,
                      0.6571346943015948,
                      0.05196235818830314
                    ],
                    "value": 22.108679000763274
                  },
                  {
                    "id": "Q07FfprRyw",
                    "position": 9.3,
                    "connectedRight": true,
                    "handles": [
                      0.5,
                      1,
                      0.5,
                      0
                    ],
                    "value": 2.140001439949554
                  },
                  {
                    "id": "9lQob-u2pc",
                    "position": 18.367,
                    "connectedRight": true,
                    "handles": [
                      0.5,
                      1,
                      0.5,
                      0
                    ],
                    "value": 22.630001439949535
                  },
                  {
                    "id": "XTAJBhpPav",
                    "position": 21.867,
                    "connectedRight": true,
                    "handles": [
                      0.5,
                      1,
                      0.5,
                      0
                    ],
                    "value": 22.630001439949535
                  },
                  {
                    "id": "rW1BoGkcUq",
                    "position": 26.767,
                    "connectedRight": true,
                    "handles": [
                      0.5,
                      1,
                      0.5,
                      0
                    ],
                    "value": -13.16999856005049
                  }
                ]
              },
              "gNreCmqG8z": {
                "type": "BasicKeyframedTrack",
                "__debugName": "Camera1:[\"rotation\",\"x\"]",
                "keyframes": [
                  {
                    "id": "-7iGFgUl4C",
                    "position": 9.2,
                    "connectedRight": true,
                    "handles": [
                      0.5,
                      1,
                      0.5,
                      0
                    ],
                    "value": 0
                  },
                  {
                    "id": "R36lX1v7Ex",
                    "position": 12,
                    "connectedRight": true,
                    "handles": [
                      0.5,
                      1,
                      0.5,
                      0
                    ],
                    "value": 0.9600000000000004
                  },
                  {
                    "id": "02mCvqGrTl",
                    "position": 18.367,
                    "connectedRight": true,
                    "handles": [
                      0.5,
                      1,
                      0.5,
                      0
                    ],
                    "value": 0.17999999999999983
                  }
                ]
              },
              "BfB541Bu0P": {
                "type": "BasicKeyframedTrack",
                "__debugName": "Camera1:[\"rotation\",\"y\"]",
                "keyframes": []
              },
              "yE1TfuIhpx": {
                "type": "BasicKeyframedTrack",
                "__debugName": "Camera1:[\"rotation\",\"z\"]",
                "keyframes": []
              },
              "QqVQqtBVGq": {
                "type": "BasicKeyframedTrack",
                "__debugName": "Camera1:[\"position\",\"y\"]",
                "keyframes": [
                  {
                    "id": "u0JqgqsaBM",
                    "position": 10,
                    "connectedRight": true,
                    "handles": [
                      0.5,
                      1,
                      0.5,
                      0
                    ],
                    "value": -0.13999999999999976
                  },
                  {
                    "id": "gTqGNyImF1",
                    "position": 18.367,
                    "connectedRight": true,
                    "handles": [
                      0.5,
                      1,
                      0.5,
                      0
                    ],
                    "value": 22.279999999999966
                  }
                ]
              },
              "RbMgymD3R9": {
                "type": "BasicKeyframedTrack",
                "__debugName": "Camera1:[\"position\",\"x\"]",
                "keyframes": [
                  {
                    "id": "Q2MRu-5rov",
                    "position": 10,
                    "connectedRight": true,